wavelength_nm,intensity_counts
293.8300,8192.00
293.8826,839.00
293.9352,835.00
293.9878,825.00
294.0404,838.00
294.0930,842.00
294.1456,825.00
294.1982,831.00
294.2508,840.00
294.3033,830.00
294.3559,830.00
294.4085,851.00
294.4610,839.00
294.5136,841.00
294.5661,830.00
294.6187,847.00
294.6712,841.00
294.7237,823.00
294.7763,848.00
294.8288,863.00
294.8813,826.00
294.9338,828.00
294.9863,851.00
295.0388,829.00
295.0913,838.00
295.1438,837.00
295.1963,841.00
295.2488,836.00
295.3013,820.00
295.3538,838.00
295.4062,855.00
295.4587,818.00
295.5111,830.00
295.5636,852.00
295.6161,828.00
295.6685,811.00
295.7209,848.00
295.7734,839.00
295.8258,823.00
295.8782,829.00
295.9307,837.00
295.9831,827.00
296.0355,816.00
296.0879,835.00
296.1403,847.00
296.1927,836.00
296.2451,842.00
296.2975,852.00
296.3498,858.00
296.4022,846.00
296.4546,838.00
296.5070,837.00
296.5593,838.00
296.6117,821.00
296.6640,823.00
296.7164,861.00
296.7687,842.00
296.8211,833.00
296.8734,847.00
296.9257,841.00
296.9780,825.00
297.0304,846.00
297.0827,836.00
297.1350,836.00
297.1873,817.00
297.2396,828.00
297.2919,853.00
297.3442,838.00
297.3964,835.00
297.4487,857.00
297.5010,840.00
297.5533,824.00
297.6055,844.00
297.6578,848.00
297.7100,835.00
297.7623,828.00
297.8145,836.00
297.8668,842.00
297.9190,836.00
297.9712,832.00
298.0234,858.00
298.0757,836.00
298.1279,820.00
298.1801,848.00
298.2323,848.00
298.2845,830.00
298.3367,840.00
298.3889,851.00
298.4411,837.00
298.4932,815.00
298.5454,833.00
298.5976,847.00
298.6497,841.00
298.7019,832.00
298.7541,841.00
298.8062,839.00
298.8584,812.00
298.9105,830.00
298.9626,850.00
299.0148,842.00
299.0669,827.00
299.1190,826.00
299.1711,855.00
299.2232,823.00
299.2753,837.00
299.3274,851.00
299.3795,829.00
299.4316,829.00
299.4837,833.00
299.5358,849.00
299.5879,844.00
299.6399,820.00
299.6920,838.00
299.7441,827.00
299.7961,824.00
299.8482,819.00
299.9002,844.00
299.9523,833.00
300.0043,833.00
300.0563,852.00
300.1083,861.00
300.1604,833.00
300.2124,826.00
300.2644,848.00
300.3164,843.00
300.3684,822.00
300.4204,832.00
300.4724,848.00
300.5244,821.00
300.5764,830.00
300.6283,847.00
300.6803,843.00
300.7323,830.00
300.7842,845.00
300.8362,844.00
300.8881,837.00
300.9401,825.00
300.9920,839.00
301.0440,854.00
301.0959,821.00
301.1478,837.00
301.1997,838.00
301.2516,824.00
301.3036,824.00
301.3555,854.00
301.4074,841.00
301.4593,830.00
301.5112,815.00
301.5630,860.00
301.6149,858.00
301.6668,822.00
301.7187,835.00
301.7705,856.00
301.8224,838.00
301.8743,829.00
301.9261,845.00
301.9780,823.00
302.0298,845.00
302.0816,837.00
302.1335,843.00
302.1853,843.00
302.2371,833.00
302.2889,826.00
302.3407,836.00
302.3925,822.00
302.4443,825.00
302.4961,847.00
302.5479,855.00
302.5997,822.00
302.6515,836.00
302.7033,844.00
302.7550,845.00
302.8068,830.00
302.8586,830.00
302.9103,846.00
302.9621,828.00
303.0138,820.00
303.0656,855.00
303.1173,848.00
303.1690,824.00
303.2208,829.00
303.2725,839.00
303.3242,828.00
303.3759,836.00
303.4276,837.00
303.4793,840.00
303.5310,818.00
303.5827,826.00
303.6344,843.00
303.6861,835.00
303.7377,827.00
303.7894,838.00
303.8411,841.00
303.8927,830.00
303.9444,821.00
303.9960,836.00
304.0477,836.00
304.0993,834.00
304.1510,823.00
304.2026,834.00
304.2542,825.00
304.3058,849.00
304.3575,837.00
304.4091,860.00
304.4607,833.00
304.5123,833.00
304.5639,830.00
304.6155,844.00
304.6671,825.00
304.7186,836.00
304.7702,850.00
304.8218,836.00
304.8733,836.00
304.9249,848.00
304.9765,839.00
305.0280,839.00
305.0796,859.00
305.1311,835.00
305.1826,828.00
305.2342,831.00
305.2857,846.00
305.3372,862.00
305.3887,830.00
305.4402,838.00
305.4917,849.00
305.5432,846.00
305.5947,845.00
305.6462,861.00
305.6977,843.00
305.7492,837.00
305.8007,826.00
305.8521,833.00
305.9036,840.00
305.9550,826.00
306.0065,830.00
306.0579,844.00
306.1094,839.00
306.1608,827.00
306.2123,836.00
306.2637,846.00
306.3151,827.00
306.3665,843.00
306.4179,855.00
306.4694,842.00
306.5208,829.00
306.5722,836.00
306.6236,855.00
306.6749,843.00
306.7263,825.00
306.7777,844.00
306.8291,836.00
306.8804,827.00
306.9318,835.00
306.9832,841.00
307.0345,837.00
307.0859,819.00
307.1372,842.00
307.1885,857.00
307.2399,825.00
307.2912,821.00
307.3425,830.00
307.3938,825.00
307.4452,819.00
307.4965,845.00
307.5478,847.00
307.5991,833.00
307.6504,852.00
307.7016,842.00
307.7529,851.00
307.8042,822.00
307.8555,838.00
307.9067,849.00
307.9580,841.00
308.0093,823.00
308.0605,844.00
308.1117,850.00
308.1630,826.00
308.2142,833.00
308.2655,849.00
308.3167,837.00
308.3679,822.00
308.4191,836.00
308.4703,842.00
308.5215,811.00
308.5727,837.00
308.6239,848.00
308.6751,829.00
308.7263,833.00
308.7775,834.00
308.8287,841.00
308.8798,841.00
308.9310,819.00
308.9822,839.00
309.0333,857.00
309.0845,817.00
309.1356,834.00
309.1867,857.00
309.2379,841.00
309.2890,829.00
309.3401,842.00
309.3912,843.00
309.4424,840.00
309.4935,830.00
309.5446,847.00
309.5957,841.00
309.6468,830.00
309.6978,822.00
309.7489,852.00
309.8000,843.00
309.8511,837.00
309.9021,848.00
309.9532,851.00
310.0043,825.00
310.0553,821.00
310.1064,846.00
310.1574,828.00
310.2084,842.00
310.2595,821.00
310.3105,848.00
310.3615,841.00
310.4125,822.00
310.4635,855.00
310.5146,836.00
310.5656,813.00
310.6166,829.00
310.6675,833.00
310.7185,832.00
310.7695,824.00
310.8205,828.00
310.8715,847.00
310.9224,827.00
310.9734,837.00
311.0243,841.00
311.0753,838.00
311.1262,834.00
311.1772,847.00
311.2281,849.00
311.2790,822.00
311.3299,841.00
311.3809,840.00
311.4318,844.00
311.4827,827.00
311.5336,830.00
311.5845,855.00
311.6354,847.00
311.6863,822.00
311.7372,860.00
311.7880,850.00
311.8389,831.00
311.8898,823.00
311.9406,826.00
311.9915,827.00
312.0423,830.00
312.0932,839.00
312.1440,853.00
312.1949,821.00
312.2457,827.00
312.2965,844.00
312.3473,829.00
312.3982,820.00
312.4490,822.00
312.4998,830.00
312.5506,850.00
312.6014,829.00
312.6522,837.00
312.7029,871.00
312.7537,832.00
312.8045,836.00
312.8553,853.00
312.9060,840.00
312.9568,833.00
313.0075,858.00
313.0583,845.00
313.1090,826.00
313.1598,820.00
313.2105,837.00
313.2612,836.00
313.3120,829.00
313.3627,834.00
313.4134,849.00
313.4641,837.00
313.5148,823.00
313.5655,864.00
313.6162,850.00
313.6669,845.00
313.7176,821.00
313.7682,825.00
313.8189,849.00
313.8696,834.00
313.9202,834.00
313.9709,863.00
314.0215,838.00
314.0722,828.00
314.1228,846.00
314.1735,839.00
314.2241,841.00
314.2747,841.00
314.3253,850.00
314.3759,836.00
314.4265,848.00
314.4772,827.00
314.5277,842.00
314.5783,833.00
314.6289,828.00
314.6795,861.00
314.7301,836.00
314.7807,818.00
314.8312,842.00
314.8818,835.00
314.9323,831.00
314.9829,833.00
315.0334,842.00
315.0840,831.00
315.1345,823.00
315.1851,827.00
315.2356,849.00
315.2861,842.00
315.3366,817.00
315.3871,841.00
315.4376,831.00
315.4881,835.00
315.5386,826.00
315.5891,837.00
315.6396,840.00
315.6901,826.00
315.7406,840.00
315.7910,843.00
315.8415,839.00
315.8919,825.00
315.9424,846.00
315.9928,849.00
316.0433,837.00
316.0937,827.00
316.1442,834.00
316.1946,836.00
316.2450,819.00
316.2954,828.00
316.3458,849.00
316.3962,823.00
316.4466,818.00
316.4970,839.00
316.5474,812.00
316.5978,815.00
316.6482,850.00
316.6986,838.00
316.7489,830.00
316.7993,836.00
316.8497,848.00
316.9000,846.00
316.9504,842.00
317.0007,836.00
317.0510,850.00
317.1014,841.00
317.1517,822.00
317.2020,849.00
317.2523,849.00
317.3026,830.00
317.3530,826.00
317.4033,854.00
317.4535,845.00
317.5038,814.00
317.5541,824.00
317.6044,849.00
317.6547,838.00
317.7050,828.00
317.7552,855.00
317.8055,829.00
317.8557,830.00
317.9060,829.00
317.9562,851.00
318.0065,833.00
318.0567,830.00
318.1069,828.00
318.1571,846.00
318.2074,843.00
318.2576,836.00
318.3078,854.00
318.3580,836.00
318.4082,826.00
318.4584,837.00
318.5086,843.00
318.5587,834.00
318.6089,828.00
318.6591,831.00
318.7092,845.00
318.7594,823.00
318.8096,841.00
318.8597,857.00
318.9099,847.00
318.9600,844.00
319.0101,844.00
319.0603,851.00
319.1104,836.00
319.1605,826.00
319.2106,859.00
319.2607,836.00
319.3108,832.00
319.3609,836.00
319.4110,856.00
319.4611,834.00
319.5112,826.00
319.5612,841.00
319.6113,838.00
319.6614,842.00
319.7114,834.00
319.7615,838.00
319.8115,843.00
319.8616,826.00
319.9116,847.00
319.9617,856.00
320.0117,833.00
320.0617,827.00
320.1117,835.00
320.1617,852.00
320.2117,835.00
320.2618,851.00
320.3117,839.00
320.3617,830.00
320.4117,838.00
320.4617,825.00
320.5117,837.00
320.5617,813.00
320.6116,830.00
320.6616,857.00
320.7115,834.00
320.7615,828.00
320.8114,844.00
320.8614,846.00
320.9113,828.00
320.9612,831.00
321.0111,852.00
321.0611,837.00
321.1110,821.00
321.1609,827.00
321.2108,848.00
321.2607,821.00
321.3106,814.00
321.3605,831.00
321.4103,823.00
321.4602,810.00
321.5101,840.00
321.5599,841.00
321.6098,829.00
321.6597,823.00
321.7095,837.00
321.7593,844.00
321.8092,842.00
321.8590,835.00
321.9088,850.00
321.9587,828.00
322.0085,829.00
322.0583,842.00
322.1081,836.00
322.1579,829.00
322.2077,834.00
322.2575,843.00
322.3073,844.00
322.3570,819.00
322.4068,855.00
322.4566,848.00
322.5064,838.00
322.5561,822.00
322.6059,844.00
322.6556,840.00
322.7054,850.00
322.7551,827.00
322.8048,834.00
322.8545,841.00
322.9043,823.00
322.9540,824.00
323.0037,842.00
323.0534,830.00
323.1031,806.00
323.1528,839.00
323.2025,848.00
323.2522,842.00
323.3018,833.00
323.3515,837.00
323.4012,830.00
323.4508,814.00
323.5005,829.00
323.5502,856.00
323.5998,818.00
323.6494,817.00
323.6991,846.00
323.7487,831.00
323.7983,825.00
323.8480,838.00
323.8976,837.00
323.9472,816.00
323.9968,821.00
324.0464,837.00
324.0960,841.00
324.1456,817.00
324.1951,831.00
324.2447,851.00
324.2943,833.00
324.3439,828.00
324.3934,852.00
324.4430,835.00
324.4925,836.00
324.5421,838.00
324.5916,850.00
324.6411,846.00
324.6907,824.00
324.7402,825.00
324.7897,841.00
324.8392,828.00
324.8887,824.00
324.9382,854.00
324.9877,838.00
325.0372,831.00
325.0867,847.00
325.1362,855.00
325.1857,835.00
325.2351,821.00
325.2846,833.00
325.3341,851.00
325.3835,830.00
325.4330,830.00
325.4824,833.00
325.5318,828.00
325.5813,831.00
325.6307,833.00
325.6801,841.00
325.7295,837.00
325.7790,818.00
325.8284,844.00
325.8778,850.00
325.9272,817.00
325.9765,825.00
326.0259,838.00
326.0753,826.00
326.1247,825.00
326.1741,838.00
326.2234,836.00
326.2728,834.00
326.3221,822.00
326.3715,838.00
326.4208,836.00
326.4701,823.00
326.5195,822.00
326.5688,855.00
326.6181,832.00
326.6674,830.00
326.7167,837.00
326.7660,842.00
326.8153,837.00
326.8646,838.00
326.9139,853.00
326.9632,845.00
327.0125,831.00
327.0618,835.00
327.1110,844.00
327.1603,824.00
327.2095,822.00
327.2588,842.00
327.3080,839.00
327.3573,830.00
327.4065,831.00
327.4557,849.00
327.5050,841.00
327.5542,829.00
327.6034,848.00
327.6526,841.00
327.7018,810.00
327.7510,817.00
327.8002,848.00
327.8494,820.00
327.8985,814.00
327.9477,838.00
327.9969,844.00
328.0461,827.00
328.0952,838.00
328.1444,846.00
328.1935,844.00
328.2427,836.00
328.2918,829.00
328.3409,860.00
328.3900,819.00
328.4392,833.00
328.4883,845.00
328.5374,826.00
328.5865,833.00
328.6356,821.00
328.6847,837.00
328.7338,843.00
328.7829,824.00
328.8319,834.00
328.8810,845.00
328.9301,835.00
328.9791,822.00
329.0282,845.00
329.0772,843.00
329.1263,837.00
329.1753,855.00
329.2244,830.00
329.2734,850.00
329.3224,820.00
329.3714,833.00
329.4204,844.00
329.4694,826.00
329.5184,837.00
329.5674,859.00
329.6164,844.00
329.6654,820.00
329.7144,837.00
329.7634,840.00
329.8123,830.00
329.8613,826.00
329.9103,836.00
329.9592,850.00
330.0082,818.00
330.0571,841.00
330.1060,851.00
330.1550,815.00
330.2039,835.00
330.2528,851.00
330.3017,845.00
330.3506,836.00
330.3995,827.00
330.4484,837.00
330.4973,839.00
330.5462,834.00
330.5951,823.00
330.6440,853.00
330.6928,824.00
330.7417,828.00
330.7906,850.00
330.8394,832.00
330.8883,835.00
330.9371,834.00
330.9859,839.00
331.0348,835.00
331.0836,810.00
331.1324,846.00
331.1812,839.00
331.2301,837.00
331.2789,826.00
331.3277,854.00
331.3765,826.00
331.4252,825.00
331.4740,842.00
331.5228,840.00
331.5716,835.00
331.6203,820.00
331.6691,841.00
331.7179,838.00
331.7666,811.00
331.8154,839.00
331.8641,846.00
331.9128,835.00
331.9616,814.00
332.0103,843.00
332.0590,816.00
332.1077,831.00
332.1564,817.00
332.2051,835.00
332.2538,838.00
332.3025,821.00
332.3512,821.00
332.3999,834.00
332.4486,820.00
332.4972,817.00
332.5459,857.00
332.5945,837.00
332.6432,823.00
332.6918,834.00
332.7405,833.00
332.7891,834.00
332.8378,814.00
332.8864,827.00
332.9350,835.00
332.9836,841.00
333.0322,824.00
333.0808,854.00
333.1294,837.00
333.1780,820.00
333.2266,842.00
333.2752,825.00
333.3238,840.00
333.3723,815.00
333.4209,850.00
333.4694,839.00
333.5180,822.00
333.5665,820.00
333.6151,847.00
333.6636,832.00
333.7122,817.00
333.7607,841.00
333.8092,826.00
333.8577,821.00
333.9062,820.00
333.9547,841.00
334.0032,849.00
334.0517,823.00
334.1002,841.00
334.1487,833.00
334.1972,844.00
334.2456,810.00
334.2941,850.00
334.3426,844.00
334.3910,830.00
334.4395,827.00
334.4879,829.00
334.5364,836.00
334.5848,815.00
334.6332,829.00
334.6816,844.00
334.7301,834.00
334.7785,822.00
334.8269,830.00
334.8753,834.00
334.9237,830.00
334.9721,844.00
335.0204,828.00
335.0688,821.00
335.1172,822.00
335.1656,841.00
335.2139,874.00
335.2623,836.00
335.3106,834.00
335.3590,844.00
335.4073,822.00
335.4556,819.00
335.5040,847.00
335.5523,843.00
335.6006,832.00
335.6489,824.00
335.6972,824.00
335.7455,849.00
335.7938,829.00
335.8421,822.00
335.8904,844.00
335.9387,820.00
335.9869,828.00
336.0352,843.00
336.0835,829.00
336.1317,823.00
336.1800,822.00
336.2282,857.00
336.2765,836.00
336.3247,830.00
336.3729,818.00
336.4212,842.00
336.4694,819.00
336.5176,818.00
336.5658,843.00
336.6140,851.00
336.6622,827.00
336.7104,852.00
336.7586,840.00
336.8067,834.00
336.8549,826.00
336.9031,841.00
336.9512,844.00
336.9994,829.00
337.0475,823.00
337.0957,848.00
337.1438,829.00
337.1920,828.00
337.2401,847.00
337.2882,836.00
337.3363,833.00
337.3845,841.00
337.4326,835.00
337.4807,835.00
337.5288,820.00
337.5768,832.00
337.6249,839.00
337.6730,833.00
337.7211,825.00
337.7691,847.00
337.8172,846.00
337.8653,825.00
337.9133,833.00
337.9614,844.00
338.0094,853.00
338.0574,829.00
338.1055,836.00
338.1535,842.00
338.2015,816.00
338.2495,823.00
338.2975,848.00
338.3455,845.00
338.3935,816.00
338.4415,855.00
338.4895,831.00
338.5375,828.00
338.5854,816.00
338.6334,836.00
338.6814,854.00
338.7293,818.00
338.7773,828.00
338.8252,857.00
338.8732,831.00
338.9211,821.00
338.9690,844.00
339.0170,843.00
339.0649,811.00
339.1128,820.00
339.1607,837.00
339.2086,839.00
339.2565,829.00
339.3044,821.00
339.3523,838.00
339.4001,821.00
339.4480,816.00
339.4959,853.00
339.5437,830.00
339.5916,830.00
339.6394,851.00
339.6873,852.00
339.7351,845.00
339.7830,810.00
339.8308,828.00
339.8786,847.00
339.9264,836.00
339.9742,822.00
340.0221,858.00
340.0699,838.00
340.1176,842.00
340.1654,841.00
340.2132,819.00
340.2610,828.00
340.3088,828.00
340.3565,829.00
340.4043,844.00
340.4521,815.00
340.4998,815.00
340.5475,849.00
340.5953,844.00
340.6430,829.00
340.6907,844.00
340.7385,831.00
340.7862,841.00
340.8339,826.00
340.8816,843.00
340.9293,841.00
340.9770,829.00
341.0247,827.00
341.0724,841.00
341.1200,833.00
341.1677,819.00
341.2154,839.00
341.2630,831.00
341.3107,829.00
341.3583,836.00
341.4060,842.00
341.4536,839.00
341.5013,812.00
341.5489,837.00
341.5965,844.00
341.6441,831.00
341.6917,815.00
341.7393,838.00
341.7869,830.00
341.8345,825.00
341.8821,826.00
341.9297,853.00
341.9773,844.00
342.0248,825.00
342.0724,826.00
342.1200,848.00
342.1675,823.00
342.2151,820.00
342.2626,866.00
342.3101,827.00
342.3577,824.00
342.4052,838.00
342.4527,828.00
342.5002,820.00
342.5477,811.00
342.5952,833.00
342.6427,828.00
342.6902,836.00
342.7377,840.00
342.7852,837.00
342.8327,824.00
342.8801,826.00
342.9276,859.00
342.9751,835.00
343.0225,836.00
343.0700,824.00
343.1174,837.00
343.1648,836.00
343.2123,809.00
343.2597,826.00
343.3071,858.00
343.3545,836.00
343.4019,820.00
343.4493,849.00
343.4967,845.00
343.5441,847.00
343.5915,830.00
343.6389,850.00
343.6862,845.00
343.7336,827.00
343.7810,839.00
343.8283,837.00
343.8757,834.00
343.9230,819.00
343.9704,842.00
344.0177,839.00
344.0650,836.00
344.1123,843.00
344.1597,840.00
344.2070,848.00
344.2543,826.00
344.3016,844.00
344.3489,842.00
344.3962,824.00
344.4434,819.00
344.4907,857.00
344.5380,837.00
344.5852,826.00
344.6325,853.00
344.6798,830.00
344.7270,827.00
344.7743,840.00
344.8215,838.00
344.8687,836.00
344.9159,831.00
344.9632,840.00
345.0104,844.00
345.0576,835.00
345.1048,834.00
345.1520,858.00
345.1992,835.00
345.2464,824.00
345.2935,823.00
345.3407,854.00
345.3879,836.00
345.4350,819.00
345.4822,822.00
345.5294,841.00
345.5765,824.00
345.6236,809.00
345.6708,841.00
345.7179,822.00
345.7650,803.00
345.8121,840.00
345.8593,839.00
345.9064,833.00
345.9535,823.00
346.0006,836.00
346.0477,867.00
346.0947,824.00
346.1418,813.00
346.1889,842.00
346.2360,833.00
346.2830,819.00
346.3301,839.00
346.3771,831.00
346.4242,821.00
346.4712,824.00
346.5182,845.00
346.5653,846.00
346.6123,831.00
346.6593,844.00
346.7063,845.00
346.7533,843.00
346.8003,834.00
346.8473,846.00
346.8943,840.00
346.9413,820.00
346.9882,831.00
347.0352,836.00
347.0822,831.00
347.1291,825.00
347.1761,841.00
347.2230,850.00
347.2700,842.00
347.3169,832.00
347.3638,849.00
347.4108,839.00
347.4577,835.00
347.5046,829.00
347.5515,825.00
347.5984,841.00
347.6453,824.00
347.6922,852.00
347.7391,856.00
347.7859,833.00
347.8328,827.00
347.8797,850.00
347.9265,842.00
347.9734,828.00
348.0202,854.00
348.0671,857.00
348.1139,838.00
348.1608,845.00
348.2076,847.00
348.2544,841.00
348.3012,812.00
348.3480,829.00
348.3948,855.00
348.4416,826.00
348.4884,831.00
348.5352,847.00
348.5820,838.00
348.6288,817.00
348.6755,828.00
348.7223,839.00
348.7691,828.00
348.8158,828.00
348.8626,832.00
348.9093,857.00
348.9560,841.00
349.0028,825.00
349.0495,846.00
349.0962,835.00
349.1429,831.00
349.1896,838.00
349.2363,829.00
349.2830,822.00
349.3297,822.00
349.3764,838.00
349.4231,835.00
349.4697,828.00
349.5164,826.00
349.5631,850.00
349.6097,822.00
349.6564,819.00
349.7030,863.00
349.7496,842.00
349.7963,815.00
349.8429,831.00
349.8895,844.00
349.9361,838.00
349.9827,828.00
350.0293,834.00
350.0759,840.00
350.1225,821.00
350.1691,829.00
350.2157,860.00
350.2623,842.00
350.3088,826.00
350.3554,837.00
350.4020,851.00
350.4485,832.00
350.4950,826.00
350.5416,830.00
350.5881,837.00
350.6346,822.00
350.6812,826.00
350.7277,849.00
350.7742,827.00
350.8207,827.00
350.8672,835.00
350.9137,838.00
350.9602,825.00
351.0067,818.00
351.0531,837.00
351.0996,846.00
351.1461,815.00
351.1925,845.00
351.2390,847.00
351.2854,825.00
351.3319,810.00
351.3783,847.00
351.4247,831.00
351.4712,835.00
351.5176,834.00
351.5640,851.00
351.6104,841.00
351.6568,822.00
351.7032,834.00
351.7496,854.00
351.7960,830.00
351.8423,837.00
351.8887,844.00
351.9351,838.00
351.9814,813.00
352.0278,835.00
352.0741,858.00
352.1205,842.00
352.1668,821.00
352.2131,839.00
352.2595,850.00
352.3058,834.00
352.3521,829.00
352.3984,856.00
352.4447,838.00
352.4910,827.00
352.5373,844.00
352.5836,828.00
352.6299,838.00
352.6761,820.00
352.7224,842.00
352.7687,837.00
352.8149,834.00
352.8612,827.00
352.9074,841.00
352.9537,838.00
352.9999,821.00
353.0461,843.00
353.0923,855.00
353.1385,826.00
353.1848,848.00
353.2310,854.00
353.2772,849.00
353.3234,836.00
353.3695,822.00
353.4157,846.00
353.4619,829.00
353.5081,822.00
353.5542,845.00
353.6004,817.00
353.6465,833.00
353.6927,831.00
353.7388,848.00
353.7849,848.00
353.8311,827.00
353.8772,838.00
353.9233,852.00
353.9694,824.00
354.0155,846.00
354.0616,862.00
354.1077,837.00
354.1538,810.00
354.1999,845.00
354.2460,825.00
354.2920,844.00
354.3381,841.00
354.3842,836.00
354.4302,846.00
354.4762,835.00
354.5223,830.00
354.5683,862.00
354.6144,827.00
354.6604,813.00
354.7064,833.00
354.7524,842.00
354.7984,818.00
354.8444,816.00
354.8904,831.00
354.9364,832.00
354.9824,833.00
355.0283,823.00
355.0743,853.00
355.1203,834.00
355.1662,813.00
355.2122,851.00
355.2581,836.00
355.3041,835.00
355.3500,838.00
355.3959,853.00
355.4419,846.00
355.4878,836.00
355.5337,850.00
355.5796,852.00
355.6255,831.00
355.6714,819.00
355.7173,840.00
355.7632,845.00
355.8090,819.00
355.8549,846.00
355.9008,849.00
355.9466,833.00
355.9925,824.00
356.0383,837.00
356.0842,868.00
356.1300,826.00
356.1758,823.00
356.2217,857.00
356.2675,840.00
356.3133,828.00
356.3591,846.00
356.4049,827.00
356.4507,821.00
356.4965,822.00
356.5423,825.00
356.5880,846.00
356.6338,823.00
356.6796,823.00
356.7253,830.00
356.7711,842.00
356.8168,827.00
356.8626,852.00
356.9083,841.00
356.9541,839.00
356.9998,840.00
357.0455,849.00
357.0912,837.00
357.1369,820.00
357.1826,821.00
357.2283,840.00
357.2740,825.00
357.3197,829.00
357.3654,850.00
357.4110,843.00
357.4567,808.00
357.5024,836.00
357.5480,835.00
357.5937,831.00
357.6393,834.00
357.6849,845.00
357.7306,850.00
357.7762,825.00
357.8218,821.00
357.8674,844.00
357.9130,834.00
357.9586,830.00
358.0042,844.00
358.0498,844.00
358.0954,826.00
358.1410,839.00
358.1865,844.00
358.2321,846.00
358.2777,828.00
358.3232,828.00
358.3688,861.00
358.4143,822.00
358.4598,823.00
358.5054,852.00
358.5509,845.00
358.5964,825.00
358.6419,850.00
358.6874,847.00
358.7329,841.00
358.7784,826.00
358.8239,855.00
358.8694,855.00
358.9149,833.00
358.9603,831.00
359.0058,857.00
359.0513,847.00
359.0967,815.00
359.1422,840.00
359.1876,843.00
359.2330,845.00
359.2785,827.00
359.3239,846.00
359.3693,844.00
359.4147,812.00
359.4601,822.00
359.5055,848.00
359.5509,830.00
359.5963,820.00
359.6417,846.00
359.6871,836.00
359.7324,849.00
359.7778,835.00
359.8232,843.00
359.8685,841.00
359.9139,829.00
359.9592,842.00
360.0045,861.00
360.0499,823.00
360.0952,814.00
360.1405,847.00
360.1858,846.00
360.2311,835.00
360.2764,829.00
360.3217,838.00
360.3670,835.00
360.4123,825.00
360.4576,830.00
360.5028,842.00
360.5481,830.00
360.5933,822.00
360.6386,850.00
360.6838,846.00
360.7291,830.00
360.7743,843.00
360.8195,828.00
360.8648,842.00
360.9100,818.00
360.9552,838.00
361.0004,848.00
361.0456,836.00
361.0908,836.00
361.1360,838.00
361.1811,839.00
361.2263,833.00
361.2715,845.00
361.3167,845.00
361.3618,850.00
361.4070,820.00
361.4521,820.00
361.4972,847.00
361.5424,813.00
361.5875,833.00
361.6326,845.00
361.6777,835.00
361.7228,844.00
361.7679,854.00
361.8130,844.00
361.8581,819.00
361.9032,834.00
361.9483,846.00
361.9934,842.00
362.0384,822.00
362.0835,829.00
362.1286,848.00
362.1736,823.00
362.2186,829.00
362.2637,843.00
362.3087,828.00
362.3537,826.00
362.3988,839.00
362.4438,844.00
362.4888,846.00
362.5338,812.00
362.5788,836.00
362.6238,863.00
362.6687,822.00
362.7137,833.00
362.7587,854.00
362.8037,845.00
362.8486,830.00
362.8936,827.00
362.9385,836.00
362.9835,843.00
363.0284,828.00
363.0733,830.00
363.1183,840.00
363.1632,833.00
363.2081,830.00
363.2530,854.00
363.2979,828.00
363.3428,820.00
363.3877,849.00
363.4325,861.00
363.4774,832.00
363.5223,844.00
363.5672,839.00
363.6120,836.00
363.6569,825.00
363.7017,841.00
363.7466,851.00
363.7914,813.00
363.8362,825.00
363.8810,842.00
363.9259,840.00
363.9707,831.00
364.0155,846.00
364.0603,845.00
364.1051,837.00
364.1498,825.00
364.1946,829.00
364.2394,843.00
364.2842,825.00
364.3289,819.00
364.3737,858.00
364.4184,851.00
364.4632,823.00
364.5079,846.00
364.5526,845.00
364.5974,853.00
364.6421,823.00
364.6868,844.00
364.7315,833.00
364.7762,826.00
364.8209,821.00
364.8656,845.00
364.9103,827.00
364.9550,836.00
364.9996,827.00
365.0443,841.00
365.0890,836.00
365.1336,825.00
365.1783,841.00
365.2229,842.00
365.2675,801.00
365.3122,845.00
365.3568,844.00
365.4014,830.00
365.4460,826.00
365.4906,849.00
365.5352,858.00
365.5798,826.00
365.6244,835.00
365.6690,845.00
365.7136,834.00
365.7581,820.00
365.8027,834.00
365.8473,855.00
365.8918,833.00
365.9363,823.00
365.9809,858.00
366.0254,837.00
366.0699,821.00
366.1145,842.00
366.1590,854.00
366.2035,844.00
366.2480,838.00
366.2925,837.00
366.3370,833.00
366.3815,823.00
366.4259,829.00
366.4704,839.00
366.5149,823.00
366.5593,829.00
366.6038,829.00
366.6482,834.00
366.6927,846.00
366.7371,834.00
366.7816,834.00
366.8260,841.00
366.8704,835.00
366.9148,823.00
366.9592,844.00
367.0036,844.00
367.0480,827.00
367.0924,853.00
367.1368,843.00
367.1812,834.00
367.2255,827.00
367.2699,833.00
367.3143,842.00
367.3586,831.00
367.4030,847.00
367.4473,855.00
367.4916,815.00
367.5360,834.00
367.5803,856.00
367.6246,828.00
367.6689,824.00
367.7132,839.00
367.7575,846.00
367.8018,835.00
367.8461,813.00
367.8904,842.00
367.9346,855.00
367.9789,834.00
368.0232,825.00
368.0674,853.00
368.1117,836.00
368.1559,838.00
368.2001,843.00
368.2444,843.00
368.2886,836.00
368.3328,826.00
368.3770,846.00
368.4212,852.00
368.4654,824.00
368.5096,814.00
368.5538,861.00
368.5980,825.00
368.6422,823.00
368.6863,862.00
368.7305,838.00
368.7747,833.00
368.8188,838.00
368.8630,838.00
368.9071,841.00
368.9512,815.00
368.9954,831.00
369.0395,847.00
369.0836,837.00
369.1277,844.00
369.1718,856.00
369.2159,841.00
369.2600,830.00
369.3041,842.00
369.3482,845.00
369.3922,822.00
369.4363,833.00
369.4804,841.00
369.5244,853.00
369.5685,836.00
369.6125,813.00
369.6565,842.00
369.7006,837.00
369.7446,830.00
369.7886,842.00
369.8326,842.00
369.8766,844.00
369.9206,838.00
369.9646,840.00
370.0086,836.00
370.0526,834.00
370.0966,831.00
370.1405,838.00
370.1845,821.00
370.2284,818.00
370.2724,844.00
370.3163,856.00
370.3603,833.00
370.4042,822.00
370.4481,842.00
370.4921,843.00
370.5360,816.00
370.5799,816.00
370.6238,855.00
370.6677,837.00
370.7116,831.00
370.7554,859.00
370.7993,838.00
370.8432,826.00
370.8871,840.00
370.9309,851.00
370.9748,836.00
371.0186,835.00
371.0625,850.00
371.1063,855.00
371.1501,820.00
371.1939,826.00
371.2378,840.00
371.2816,846.00
371.3254,820.00
371.3692,846.00
371.4130,840.00
371.4567,827.00
371.5005,826.00
371.5443,833.00
371.5881,838.00
371.6318,822.00
371.6756,840.00
371.7193,855.00
371.7631,837.00
371.8068,833.00
371.8505,840.00
371.8943,827.00
371.9380,829.00
371.9817,822.00
372.0254,845.00
372.0691,850.00
372.1128,822.00
372.1565,836.00
372.2002,836.00
372.2438,828.00
372.2875,823.00
372.3312,856.00
372.3748,842.00
372.4185,835.00
372.4621,838.00
372.5058,841.00
372.5494,846.00
372.5930,815.00
372.6366,845.00
372.6802,858.00
372.7239,837.00
372.7675,835.00
372.8110,824.00
372.8546,833.00
372.8982,824.00
372.9418,828.00
372.9854,845.00
373.0289,828.00
373.0725,831.00
373.1160,841.00
373.1596,842.00
373.2031,819.00
373.2467,829.00
373.2902,855.00
373.3337,838.00
373.3772,824.00
373.4207,847.00
373.4642,851.00
373.5077,841.00
373.5512,838.00
373.5947,851.00
373.6382,835.00
373.6817,837.00
373.7251,833.00
373.7686,860.00
373.8120,821.00
373.8555,822.00
373.8989,857.00
373.9424,844.00
373.9858,814.00
374.0292,844.00
374.0726,844.00
374.1160,852.00
374.1594,824.00
374.2028,842.00
374.2462,852.00
374.2896,828.00
374.3330,825.00
374.3764,850.00
374.4197,850.00
374.4631,840.00
374.5064,844.00
374.5498,845.00
374.5931,842.00
374.6365,825.00
374.6798,849.00
374.7231,844.00
374.7664,826.00
374.8098,827.00
374.8531,857.00
374.8964,835.00
374.9396,826.00
374.9829,842.00
375.0262,830.00
375.0695,842.00
375.1128,820.00
375.1560,846.00
375.1993,848.00
375.2425,825.00
375.2858,829.00
375.3290,851.00
375.3722,833.00
375.4155,839.00
375.4587,840.00
375.5019,855.00
375.5451,824.00
375.5883,842.00
375.6315,846.00
375.6747,834.00
375.7179,827.00
375.7610,834.00
375.8042,846.00
375.8474,819.00
375.8905,825.00
375.9337,856.00
375.9768,834.00
376.0199,830.00
376.0631,820.00
376.1062,850.00
376.1493,843.00
376.1924,814.00
376.2355,847.00
376.2786,862.00
376.3217,824.00
376.3648,842.00
376.4079,852.00
376.4510,838.00
376.4940,817.00
376.5371,844.00
376.5802,851.00
376.6232,836.00
376.6663,838.00
376.7093,828.00
376.7523,850.00
376.7954,830.00
376.8384,843.00
376.8814,837.00
376.9244,829.00
376.9674,839.00
377.0104,836.00
377.0534,836.00
377.0964,842.00
377.1393,823.00
377.1823,842.00
377.2253,825.00
377.2682,830.00
377.3112,852.00
377.3541,855.00
377.3971,831.00
377.4400,816.00
377.4829,836.00
377.5258,842.00
377.5688,838.00
377.6117,828.00
377.6546,846.00
377.6975,838.00
377.7403,820.00
377.7832,828.00
377.8261,856.00
377.8690,813.00
377.9118,820.00
377.9547,849.00
377.9975,843.00
378.0404,828.00
378.0832,842.00
378.1261,836.00
378.1689,841.00
378.2117,829.00
378.2545,837.00
378.2973,859.00
378.3401,825.00
378.3829,827.00
378.4257,848.00
378.4685,834.00
378.5113,834.00
378.5540,839.00
378.5968,840.00
378.6396,830.00
378.6823,842.00
378.7251,832.00
378.7678,838.00
378.8105,831.00
378.8532,823.00
378.8960,841.00
378.9387,837.00
378.9814,836.00
379.0241,836.00
379.0668,845.00
379.1095,816.00
379.1522,827.00
379.1948,856.00
379.2375,848.00
379.2802,837.00
379.3228,835.00
379.3655,847.00
379.4081,832.00
379.4508,826.00
379.4934,845.00
379.5360,846.00
379.5786,827.00
379.6212,838.00
379.6639,843.00
379.7065,844.00
379.7490,820.00
379.7916,844.00
379.8342,835.00
379.8768,813.00
379.9194,833.00
379.9619,844.00
380.0045,834.00
380.0470,829.00
380.0896,838.00
380.1321,826.00
380.1746,860.00
380.2172,834.00
380.2597,824.00
380.3022,843.00
380.3447,819.00
380.3872,817.00
380.4297,863.00
380.4722,832.00
380.5147,818.00
380.5571,844.00
380.5996,850.00
380.6421,830.00
380.6845,833.00
380.7270,845.00
380.7694,843.00
380.8119,824.00
380.8543,829.00
380.8967,849.00
380.9391,830.00
380.9815,821.00
381.0239,838.00
381.0663,828.00
381.1087,828.00
381.1511,831.00
381.1935,851.00
381.2359,832.00
381.2783,818.00
381.3206,832.00
381.3630,858.00
381.4053,826.00
381.4477,815.00
381.4900,858.00
381.5323,838.00
381.5746,828.00
381.6170,834.00
381.6593,828.00
381.7016,828.00
381.7439,818.00
381.7862,841.00
381.8285,839.00
381.8707,830.00
381.9130,824.00
381.9553,849.00
381.9975,846.00
382.0398,823.00
382.0820,839.00
382.1243,826.00
382.1665,814.00
382.2087,823.00
382.2510,834.00
382.2932,853.00
382.3354,834.00
382.3776,824.00
382.4198,868.00
382.4620,823.00
382.5042,823.00
382.5463,845.00
382.5885,822.00
382.6307,823.00
382.6728,836.00
382.7150,850.00
382.7571,840.00
382.7993,822.00
382.8414,825.00
382.8835,854.00
382.9257,833.00
382.9678,827.00
383.0099,826.00
383.0520,828.00
383.0941,826.00
383.1362,838.00
383.1783,815.00
383.2203,839.00
383.2624,823.00
383.3045,845.00
383.3465,842.00
383.3886,822.00
383.4306,819.00
383.4727,859.00
383.5147,828.00
383.5567,831.00
383.5987,837.00
383.6408,834.00
383.6828,845.00
383.7248,832.00
383.7668,834.00
383.8087,832.00
383.8507,833.00
383.8927,836.00
383.9347,854.00
383.9766,827.00
384.0186,818.00
384.0605,854.00
384.1025,838.00
384.1444,828.00
384.1863,842.00
384.2283,828.00
384.2702,826.00
384.3121,812.00
384.3540,835.00
384.3959,846.00
384.4378,822.00
384.4797,817.00
384.5216,849.00
384.5634,830.00
384.6053,832.00
384.6472,844.00
384.6890,859.00
384.7309,834.00
384.7727,834.00
384.8145,836.00
384.8564,840.00
384.8982,834.00
384.9400,834.00
384.9818,849.00
385.0236,836.00
385.0654,823.00
385.1072,826.00
385.1490,836.00
385.1908,832.00
385.2325,841.00
385.2743,841.00
385.3161,840.00
385.3578,828.00
385.3996,823.00
385.4413,854.00
385.4830,825.00
385.5248,823.00
385.5665,847.00
385.6082,855.00
385.6499,835.00
385.6916,843.00
385.7333,826.00
385.7750,827.00
385.8167,821.00
385.8584,841.00
385.9000,844.00
385.9417,835.00
385.9833,823.00
386.0250,838.00
386.0666,837.00
386.1083,839.00
386.1499,837.00
386.1915,842.00
386.2331,841.00
386.2748,828.00
386.3164,841.00
386.3580,858.00
386.3996,825.00
386.4411,829.00
386.4827,849.00
386.5243,845.00
386.5659,806.00
386.6074,847.00
386.6490,849.00
386.6905,846.00
386.7321,820.00
386.7736,841.00
386.8151,861.00
386.8567,833.00
386.8982,830.00
386.9397,844.00
386.9812,824.00
387.0227,818.00
387.0642,856.00
387.1057,832.00
387.1471,828.00
387.1886,841.00
387.2301,838.00
387.2715,834.00
387.3130,832.00
387.3544,833.00
387.3959,837.00
387.4373,836.00
387.4787,827.00
387.5201,843.00
387.5615,844.00
387.6030,836.00
387.6444,824.00
387.6857,842.00
387.7271,838.00
387.7685,811.00
387.8099,829.00
387.8513,844.00
387.8926,826.00
387.9340,810.00
387.9753,847.00
388.0167,830.00
388.0580,831.00
388.0993,837.00
388.1407,845.00
388.1820,829.00
388.2233,823.00
388.2646,825.00
388.3059,828.00
388.3472,854.00
388.3885,844.00
388.4297,837.00
388.4710,827.00
388.5123,814.00
388.5535,846.00
388.5948,844.00
388.6360,844.00
388.6773,813.00
388.7185,841.00
388.7597,842.00
388.8009,823.00
388.8422,838.00
388.8834,851.00
388.9246,829.00
388.9658,817.00
389.0069,841.00
389.0481,838.00
389.0893,821.00
389.1305,830.00
389.1716,836.00
389.2128,840.00
389.2539,821.00
389.2951,839.00
389.3362,857.00
389.3773,833.00
389.4185,827.00
389.4596,848.00
389.5007,843.00
389.5418,825.00
389.5829,839.00
389.6240,846.00
389.6651,836.00
389.7062,812.00
389.7472,835.00
389.7883,838.00
389.8293,818.00
389.8704,821.00
389.9114,847.00
389.9525,825.00
389.9935,821.00
390.0345,854.00
390.0756,839.00
390.1166,839.00
390.1576,822.00
390.1986,831.00
